one_bee,two_bee,three_bee,,,,
wide,cleat,reflexology,,,,
part,bustling,intentionally,,,,
mink,scarf,cocoon,,,,
tummy,surface,motley,,,,
goods,Nile,fetlocks,,,,
nook,scrolls,ranchero,,,,
jelly,shimmery,intolerance,,,,
slow,indent,gluten,,,,
tufts,sitcom,pulverized; pulverised,,,,
cold,detect,mystified,,,,
lane,blindfolded,swankiest,,,,
son,basically,clouting,,,,
same,squints,demeanor; demeanour,,,,
much,s’mores,mallet,,,,
deer,clobbered,Singapore,,,,
silk,relative,disembodied,,,,
cove,cringed,Korea,,,,
thing,drone,aisles,,,,
try,rattled,unsportsmanlike,,,,
duckling,indie,ensnarement,,,,
mask,eyesore,morbidity,,,,
hike,playlist,proctors,,,,
car,throat,trodden,,,,
rage,hull,torturous,,,,
gift,outright,referral,,,,
very,squabbling,aerials,,,,
last,scuba,surgeon,,,,
well,trickster,Judaism,,,,
mess,glib,stalemate,,,,
left,sneer,thoroughfare,,,,
rush,absent,transgressions,,,,
gone,texture,abdomen,,,,
drill,scuffle,appeasement,,,,
meet,irregular,liability,,,,
lid,savor; savour,penchant,,,,
lisp,hedgehog,propensity,,,,
post,stoats,instinctive,,,,
bent,talons,infectious,,,,
mice,inclined,Minnesota,,,,
rope,wardrobe,adversity,,,,
logs,revved,convictions,,,,
hat,dire,intestine,,,,
swim,masthead,discriminating,,,,
read,vibrant,exile,,,,
upon,wizard,lineage,,,,
idea,nudged,coaxing,,,,
singing,Leghorn,permanence,,,,
kites,shrine,larkspur,,,,
feet,Jamestown,drudgery,,,,
must,pineapple,ransacked,,,,
turning,crockery,kimchi; kimchee,,,,
wanted,gauze,menorahs,,,,
sprung,exception,heirloom,,,,
zoomed,cavity,pallid,,,,
large,Neptune,renal,,,,
closed,notification,mete,,,,
plates,ogre,russet,,,,
matching,simplicity,topologically,,,,
track,lavished,burgundy,,,,
chart,archduke,brocade,,,,
bread,dingoes,heresy,,,,
clock,passersby,perdition,,,,
crusts,nada,incorrigibles,,,,
pain,Juneteenth,porcine,,,,
loud,parsnips,dispensation,,,,
flapped,curtains,Richter scale,,,,
cell,adorned,palpable,,,,
cheese,loneliness,congealing,,,,
beak,caverns,bantlings,,,,
cog,novice,prioress,,,,
poor,invasions,embroidery,,,,
power,dedicated,coronation,,,,
foam,symbol,padre,,,,
clutch,reduce,mien,,,,
knife,destination,resinous,,,,
place,ostriches,scree,,,,
oil,grudgingly,chaplain,,,,
gushed,canopy,feinted,,,,
china,scrawny,humus,,,,
stopped,classified,Cantonese,,,,
also,telescope,herbalist,,,,
floor,fidgeting,fortuitous,,,,
frames,mulberry,poultice,,,,
studied,surrounded,guarantor,,,,
spikes,associated,adduced,,,,
speech,furthermore,impertinent,,,,
shoe,weird,fractious,,,,
prize,dependable,Darwinism,,,,
smug,summit,transept,,,,
rapids,conkers,condescendingly,,,,
slide,mutual,rhetorical,,,,
goals,dormitories,phenomenal,,,,
shelter,tuxedo,mortification,,,,
creak,decimal,covenant,,,,
gutter,alibi,throes,,,,
booth,orientation,semblance,,,,
frankly,inlaid,aversion,,,,
knot,cobblestone,primordial,,,,
search,devious,moppet,,,,
crouched,sardine,assassinate,,,,
found,contraption,vuvuzela,,,,
gloves,technique,adzuki,,,,
pretty,flaxen,allée,,,,
baskets,triplicate,d’orsay,,,,
bonnet,emboldened,Wiesbaden,,,,
rodeo,Javas,Montmorency,,,,
salad,biome,justaucorps,,,,
cousin,Wales,ducats,,,,
camera,Avalon,condyles,,,,
wrenches,corridor,Yom Kippur,,,,
goggles,cardigan,Firenze,,,,
inflate,columns,kaddish,,,,
single,cubicle,Chelonia,,,,
polish,interjected,Quasimodo,,,,
dolphin,withered,Helvetia,,,,
skiing,cambric,lachrymose,,,,
Texas,hackles,quatrains,,,,
mumble,faltered,katabatic,,,,
direct,Lincoln,bivouac,,,,
detail,granite,fata morgana,,,,
alas,radiation,hawsers,,,,
barrels,wattles,Bayreuth,,,,
clerks,tartan,vambrace,,,,
forty,surveyed,plastron,,,,
embers,emitting,linsey-woolsey,,,,
paddles,preened,Albion,,,,
whiskers,wretched,paschal,,,,
condition,contorted,coracle,,,,
slumped,charlotte,abalones,,,,
blurted,elation,repast,,,,
wallet,expanse,Bloomsbury,,,,
focus,chai,aquiline,,,,
circus,metropolis,Confucianism,,,,
aware,mousse,Chaucerian,,,,
mango,contessa,Edinburgh,,,,
firmly,acutely,Carlisle,,,,
imagined,granules,Mantua,,,,
reveal,pedestals,Jains,,,,
ached,wreaked,ziggurat,,,,
fabric,renowned,Arapahoe; Arapaho,,,,
detour,colleagues,Durham,,,,
impolite,invigorating,derrick,,,,
squiggles,sudoku,Kerala,,,,
because,dutifully,chandleries,,,,
teachers,mournful,bier,,,,
ordinary,professional,Des Moines,,,,
capture,exerts,conurbation,,,,
feline,arid,Sioux,,,,
gusto,deceptively,refectory,,,,
kitchen,sustenance,presidio,,,,
gradual,hexagonal,imaret,,,,
ferocious,litmus,cornichon,,,,
frequently,seethe,devastavit,,,,
permission,antiquarian,Mediterranean,,,,
towel,phalanges,longevous,,,,
sundae,bachelorette,digerati,,,,
ornament,frontier,solecism,,,,
rooster,unctuous,hypertrophy,,,,
scold,fluoride,ravigote,,,,
organza,moorage,inchoate,,,,
fragile,Minotaur,judoka,,,,
galaxy,intermezzo,vaccary,,,,
complaint,edification,Adelaide,,,,
curries,vacuousness,unwonted,,,,
tennis,epilepsy,tazza,,,,
grumbling,importunate,damson,,,,
garlic,recuperation,pelisse,,,,
hula,citronella,succade,,,,
reactionary,palliative,tumulus,,,,
muscular,abhorrence,dorsiflexor,,,,
drizzle,personnel,profiterole,,,,
accurate,vexatious,valetudinary,,,,
studio,faux,aristoi,,,,
illusionist,sophisticated,vireo,,,,
genetic,nebulous,rococo,,,,
levity,genus,lachsschinken,,,,
moisture,legionnaire,wakame,,,,
toughness,sternutation,bathos,,,,
tasteless,subcutaneous,nihilism,,,,
astute,alacrity,ustion,,,,
turtle,choreographer,sumpsimus,,,,
Pinkerton,leguminous,morel,,,,
fortune,ceramics,abeyance,,,,
sluggard,mimetic,rongeur,,,,
bedlam,unabated,mountebank,,,,
shortfall,petrifying,allelopathy,,,,
cowlick,specimen,capoeira,,,,
opinionated,interlocutor,agnolotti,,,,
slogan,machete,ballabile,,,,
triumphant,dulcet,draegerman,,,,
parenthetic,salubrious,prescient,,,,
listener,rotisserie,Fribourg,,,,
guardian,paneer; panir,proselytizer; proselytiser,,,,
dwindled,omnibus,tenon,,,,
fraught,biscotti,nubilous,,,,
sturdy,calibrate,iatrogenic,,,,
treadmill,appellation,onychitis,,,,
originate,duodenum,roux,,,,
forfend; forefend,valorous; valourous,tuatara,,,,
,isotopic,chicle,,,,
eavesdrop,carpal,sulcus,,,,
January,quizzical,thalamus,,,,
scruple,heliotrope,gyttja,,,,
moxie,squander,jibboom,,,,
winnow,prenuptial,vestigial,,,,
incentive,succulent,Orwellian,,,,
admirer,bedraggled,gimballed; gimbaled ,,,,
emotional,rectitude,cabaletta,,,,
chia,uranium,hesped,,,,
raspberry,inundate,umami,,,,
bogus,wunderkind,persiflage,,,,
recoup,filial,toreador,,,,
bookworm,wearisome,vermicelli,,,,
veteran,visage,frangipane,,,,
erase,fascinator,reseau,,,,
downcast,testimony,moulage,,,,
spinal,beaucoup,interpellate,,,,
demolition,banal,genuflect,,,,
gargantuan,seismologist,cinerarium,,,,
salsa,spectacles,polemic,,,,
chaotic,innovator,paladin,,,,
shrimp,bursary,totipotency,,,,
mandate,hallowed,agnomen,,,,
turret,apogee,Bauhaus,,,,
pigeon,hiatus,sacerdotal,,,,
satellite,freesia,skeuomorph,,,,
parasite,exoneration,binturong,,,,
favorite; favourite,duvet,mamushi,,,,
,turpitude,lipophilic,,,,
cascade,platitude,codicil,,,,
dandelion,nobiliary,coulomb,,,,
famous,commerce,violaceous,,,,
pristine,keratitis,Rorschach,,,,
golden,honorific; honourific,arthralgia,,,,
modesty,kookaburra,desman,,,,
amphibian,napoleon,jacaranda,,,,
jealousy,superlative,huapango,,,,
remedial,oxygenate,predilection,,,,
vouch,annihilate,entomophagy,,,,
trivia,sarcophagus,paronomasia,,,,
shoulder,surrogate,facsimile,,,,
zebra,terabyte,renminbi,,,,
butterscotch,uncouth,interferon,,,,
apron,onerous,sedulous,,,,
beagle,macrocosm,velouté,,,,
kidney,bulbous,Aesopian,,,,
wistful,umpirage,frigate,,,,
raven,heredity,enoptromancy,,,,
fructose,philharmonic,satiety,,,,
Amazon,endorphin,perorate,,,,
companion,pharmacy,danseur,,,,
panorama,fondant,chevalier,,,,
gimmick,cupola,taurine,,,,
flannel,herbaceous,hierurgical,,,,
cucumber,tentativeness,melee,,,,
McMansion,pachinko,emolument,,,,
janitor,decrepitude,ikebana,,,,
lionize,redux,exaugural,,,,
headdress,dramaturgy,gaillardia,,,,
ludicrous,murmuration,caryatid,,,,
pear,Clydesdale,heliacal,,,,
system,phonics,schefflera,,,,
pedigree,calisthenics,contrapposto,,,,
empty,obediential,temblor,,,,
amulet,odiferous,insouciance,,,,
guess,combination,catarrh,,,,
magician,torrent,quattrocento,,,,
carrot,arsenic,millegrain,,,,
meteor,invertebrate,canaille,,,,
distraught,bandanna; bandana,verisimilitude,,,,
freight,manipulable,Keynesian,,,,
honeybee,axiomatic,akaryote,,,,
blemish,indefatigable,azulejo,,,,
crumpet,ulterior,hauberk,,,,
blizzard,oligarchy,bouillon,,,,
squirm,pianola,tarpaulin,,,,
harmonious,dignify,cephalopod,,,,
lawyer,allegiance,pulchritude,,,,
valiant,basaltic,pekoe,,,,
purse,scorpion,patois,,,,
raisin,planetarium,Rubicon,,,,
trumpet,ecstatic,Truckee,,,,
bias,cinnamon,aerophilatelic,,,,
lettuce,pharaoh,ankh,,,,
shamrock,opponency,contumelious,,,,
Americana,referendum,vicissitudes,,,,
monopolize,quaver,lilliputian,,,,
water,rabbinic,Sbrinz,,,,
marathon,lapel,kathakali,,,,
omission,mackerel,cozen,,,,
newbie,callow,oxalis,,,,
spreadsheet,biscuit,myeloma,,,,
badger,flourish,lebensraum,,,,
fortification,beatific,mufti,,,,
hydra,repository,dirigible,,,,
grouse,dissipate,surcease,,,,
manta,accomplice,ascetic,,,,
astonish,kerchief,oolite,,,,
fashionista,whimsical,revanche,,,,
stubble,stamina,megrims,,,,
genius,criteria,podagra,,,,
nuance,reprieve,palaver,,,,
stencil,consequent,luthier,,,,
penguin,contusion,yttriferous,,,,
freckle,mulligan,vermeil,,,,
blooper,sabermetrics,Ouagadougou,,,,
misconception,elocution,bibliopegist,,,,
lambkin,dowager,plagiarism,,,,
chowder,comparison,holobenthic,,,,
sunflower,diaphanous,boutonniere,,,,
lambasted,agoraphobia,anodyne,,,,
volumetric,buffet,saccharide,,,,
flattery,tortoise,boulevardier,,,,
simmer,surmountable,quokka,,,,
whisk,endure,lidocaine,,,,
bathtub,bonobo,contretemps,,,,
fantastically,abrogate,a posteriori,,,,
failure,effusive,scaberulous,,,,
tolerable,primitive,anaglyphy,,,,
mosquito,fabulist,reconnoiter; reconnoitre,,,,
target,comportment,realpolitik,,,,
angora,taciturn,colloque,,,,
snippet,sophomoric,onychorrhexis,,,,
ascribe,laureate,existence,,,,
hodgepodge,Goliath,vigneron,,,,
verbiage,splenetic,tannined,,,,
nephew,legato,spiedini,,,,
imbibe,slovenly,anhinga,,,,
savvy,aerobics,jai alai,,,,
reckon,paisley,Rastafarian,,,,
boorish,contrariwise,succussion,,,,
tarmac,petroleum,avifauna,,,,
iteration,regalia,joropo,,,,
nurture,incinerate,toxicosis,,,,
volcano,flagon,colporter; colporteur,,,,
forensics,incoherent,agitprop,,,,
miraculous,tercentenary,Achernar,,,,
trendy,vituperative,cassock,,,,
permafrost,churlish,meringue,,,,
iceberg,riviera,mackinaw,,,,
cactus,laconic,sambal,,,,
nationalism,excision,yuloh,,,,
leeway,emblazoned,hermeneutics,,,,
pilferer,bric-a-brac,tikkun,,,,
rollicking,longitude,macaque,,,,
quart,maverick,lassitude,,,,
lactose,retrograde,oeuvre,,,,
domineering,partridge,altazimuth,,,,
onion,insignia,Castilian,,,,
abandon,binomial,trichinosis,,,,
vault,luminance,ecclesiology,,,,
junior,adjective,teppanyaki,,,,
hamlet,elucidate,cicatrize,,,,
jubilant,spatula,somnolent,,,,
thawed,triglycerides,intonaco,,,,
uncle,stalwart,realia,,,,
dawdle,bumptious,grison,,,,
mogul,farcical,phulkari,,,,
troll,ghastly,garrulous,,,,
kindred,parkour,paroxysm,,,,
tantrum,fealty,communiqué,,,,
science,perilous,Chantilly,,,,
cement,steroid,jacquard,,,,
venomous,gullibility,sorghum,,,,
plaintiff,tarantula,guilloche,,,,
mayhem,cantankerous,appositive,,,,
thicket,vitriolic,dirndl,,,,
gymnastics,crinoline,latke,,,,
island,debris,martinet,,,,
peacenik,armaments,asterion,,,,
ounce,versatile,hypallage,,,,
memorandum,subtlety,solenoid,,,,
bother,hangar,veridical,,,,
missile,verbena,threnody,,,,
munchkin,zirconium,Jacobean,,,,
banana,ventriloquy,ballotage,,,,
furnace,circumflex,ocotillo,,,,
foothills,calligram,dubitante,,,,
tongue,eczema,disciform,,,,
caterpillar,theomachy,mizuna,,,,
wasp,fibula,trichotillomania,,,,
kudos,aberration,huipil,,,,
alpha,necrotic,mustelid,,,,
shebang,eminent,prestidigitation,,,,
tibia,demographics,soupçon,,,,
hazelnut,Jurassic,diphtheria,,,,
votive,myoglobin,bdelloid,,,,
storm,frugal,nugatory,,,,
mince,achromatic,commorients,,,,
bubbly,miscible,immiscible,,,,
graham,soprano,toroidal,,,,
headlong,cutis,bialy,,,,
timber,hyrax,appurtenances,,,,
medallion,truncheon,corsair,,,,
maximum,educand,zabaglione,,,,
clover,Realtor,velamen,,,,
casino,billabong,sporran,,,,
distinctive,bariatrics,clematis,,,,
mister,throughout,kente,,,,
warning,propulsion,ranine,,,,
useful,assailant,riparian,,,,
difficult,charioteer,accouterment; accoutrement,,,,
mischief,solicit,radicchio,,,,
talent,melismatic,dudgeon,,,,
kiwi,spurious,nitid,,,,
publish,tempeh,Basenji,,,,
mutter,statistician,concinnate,,,,
sedentary,ibuprofen,Stradivarius,,,,
divine,injurious,synecdoche,,,,
lexicon,anglophile,tulsi,,,,
bristle,defiant,sebaceous,,,,
daresay,substitute,papeterie,,,,
owlishly,quiddity,litigious,,,,
criminal,karst,phytophilous,,,,
recipient,Brigadoon,meunière,,,,
strong,vestibule,hilum,,,,
canteen,ballyhooed,fanfaronade,,,,
aviation,arpeggio,malachite,,,,
lucky,lupine,urticaria,,,,
rocket,resuscitate,capsaicin,,,,
reflect,approbatory,ptosis,,,,
scent,catalepsy,pejerrey,,,,
puzzles,labyrinthine,horologist,,,,
scumble,notoriety,speleothem,,,,
extinct,subterranean,euripus,,,,
jersey,aubergine,samarium,,,,
trapezoid,jalapeño,variscite,,,,
dillydally,attributive,bolide,,,,
haggle,plutonomy,vervain,,,,
sword,lobotomy,chanoyu,,,,
mastiff,assumption,hamadryad,,,,
cooperate,entrepreneur,calumny,,,,
merchandise,besieged,escabeche,,,,
melted,placoderm,ad hominem,,,,
apology,hermitage,oubliette,,,,
carnival,permutation,béchamel,,,,
buffoonery,conference,repoussage,,,,
intellectual,woebegone,otacoustic,,,,
tickled,resplendence,naranjilla,,,,
domino,aphasia,elegiac,,,,
ignite,environs,pâtissier,,,,
legacy,celebratory,Yeatsian,,,,
splurge,cornucopia,surfeit,,,,
neigh,prominent,limicolous,,,,
cabbage,archetype,girandole,,,,
erode,travails,googol,,,,
formalize; formalise,antipathy,étagère,,,,
,leviathan,anechoic,,,,
anyway,alpaca,leonine,,,,
isolation,duress,laulau,,,,
measly,eucalyptus,Gruyère,,,,
apprehensive,rambunctious,proprioceptive,,,,
zither,ingenuous,oppugn,,,,
invoke,phonetician,macropterous,,,,
upshot,macular,euphonious,,,,
climate,simpatico,retinoscopy,,,,
Yankee,adhesion,sepulchral,,,,
dim sum,rennet,sangfroid,,,,
moose,pinnacle,pasilla,,,,
cuckoo,avalanche,maringouin,,,,
dilemma,cadge,argot,,,,
outrageous,exodus,vicenary,,,,
silver,philosophize,ajimez,,,,
fedora,Requiem,pompeii,,,,
wildcat,glitterati,oviparous,,,,
monstrosity,transference,mangonel,,,,
sofa,uveal,coalescence,,,,
eggplant,candelabrum,Plantagenet,,,,
kosher,vacillate,bauxite,,,,
minority,phenotype,kakapo,,,,
default,transposable,pelagial,,,,
heroic,thrasonical,ague,,,,
bombard,trepanation,largesses,,,,
furtive,Holstein,fulgent,,,,
journal,quadrillion,olecranon,,,,
tulip,tardigrade,toreutics,,,,
myself,varsity,mascarpone,,,,
marine,scholarship,rissole,,,,
cloudy,filbert,seneschal,,,,
cricket,Galahad,pinniped,,,,
motto,jadeite,wahine,,,,
torch,peripheral,grissino,,,,
pamper,elevator,coterie,,,,
pleasant,chaperonage,sylph,,,,
robin,frittata,Cincinnati,,,,
historical,vandalize,diastole,,,,
rules,chancellor,mediobrome,,,,
geometric,pauper,demurrage,,,,
villa,epoch,tristeza,,,,
midriff,dumbwaiter,trigeminal,,,,
teaspoon,allergenic,bruja,,,,
worrywart,vocabulary,upsilon,,,,
developer,vassal,sakura,,,,
shopaholic,panary,buccal,,,,
magma,tangerine,zocalo,,,,
briefcase,pervasive,afficionado; aficionado,,,,
deputy,haphazard,piscivorous,,,,
mangrove,legislature,benison,,,,
enfranchise,shenanigans,gagaku,,,,
kiln,inclusion,amygdala,,,,
webisode,physicists,scurrilous,,,,
kangaroo,tempura,flèche,,,,
Romeo,reggae,tetrachoric,,,,
emerge,futility,sforzando,,,,
twitchy,untenable,thalassic,,,,
arrogant,feudalism,frazil,,,,
normative,malevolent,rapprochement,,,,
homework,posada,glacis,,,,
mildew,acquiesce,ahimsa,,,,
pattern,apothecary,kanji,,,,
coffee,summary,weltschmerz,,,,
botch,brogue,jalousie,,,,
receptacle,suet,ichthyology,,,,
bagpipe,koto,pruritus,,,,
bonfire,jingoism,dactylic,,,,
abruptly,satchel,affogato,,,,
bushel,evanescent,scrivener,,,,
skedaddle,diverge,dysrhythmia,,,,
toddler,exemplar,dragée,,,,
everglades,marsupial,choucroute,,,,
pellet,trefoil,hsaing-waing,,,,
klutz,designer,stevedore,,,,
envoy,leisure,harangue,,,,
postpone,vague,niveau,,,,
wafer,wharf,rouille,,,,
software,altercation,rescissible,,,,
factoid,fratority,Jungian,,,,
marvelous; marvellous,cataclysmic,Groenendael,,,,
evince,metatarsal,facile,,,,
season,bereavement,chrysolite,,,,
horizon,carbohydrates,execrable,,,,
arborio,sesame,hangul,,,,
cartoon,palatable,cartouches,,,,
dough,gratis,Nicoise,,,,
emperor,nonvolatile,julienne,,,,
utterable,juvenilia,moiety,,,,
leniency,fomentation,pastitsio,,,,
frivolous,reprisal,modiste,,,,
potato,astrobleme,deuterium,,,,
wholehearted,sabotage,Icarian,,,,
metadata,absolution,pappardelle,,,,
farewell,rutabaga,Sahel,,,,
hypnotic,espousal,bibelot,,,,
jewel,virulence,telegnosis,,,,
tangible,allocable,loupe,,,,
nourish,effraction,oleiculture,,,,
vulpine,limousine,loess; löss,,,,
aloha,drupiferous,ruelle,,,,
entrance,organelle,Ushuaia,,,,
kindergarten,osprey,redingote,,,,
restaurant,elusive,adscititious,,,,
excavating,disproportionate,hummock,,,,
dodge,cayenne,internecine,,,,
iota,tabernacle,duxelles,,,,
gelato,phosphorescent,mesial,,,,
hankering,anxiety,Feldenkrais,,,,
esteem,conch,bailiwick,,,,
knack,singultus,bozzetto,,,,
satisfactory,impromptu,coiffure,,,,
barefoot,oracle,repartee,,,,
trope,condemn,chimera; chimaera,,,,
knock,scenographer,avgolemono,,,,
whittle,neuroticism,exiguous,,,,
joyful,cannoli,presentient,,,,
genuine,platoon,renvoi,,,,
recluse,solstice,kichel,,,,
shield,swannery,semaphore,,,,
tiger,probative,gambol,,,,
romaine,oblique,angiitis,,,,
migraine,buoyancy,Teutonic,,,,
oasis,situation,Conestoga,,,,
navigator,lumbar,zeitgeist,,,,
humane,topiary,heinousness,,,,
polenta,reverberant,nacelle,,,,
delicacy,yeanling,rupicolous,,,,
noggin,homicide,Pythagorean,,,,
background,graphologist,kepi,,,,
thistle,principality,bulgur; bulghur,,,,
althorn,Nostradamus,ushabti,,,,
Spaniel,taxonomic,puchero,,,,
kilt,beret,nival,,,,
whirlybird,talisman,ascites,,,,
Hungary,impecunious,Véronique,,,,
welding,reciprocity,planetesimal,,,,
aforesaid,molecule,taoiseach,,,,
varnish,millennial,obeisant,,,,
spindle,ineffable,whippoorwill,,,,
wheedle,abnegation,Ficus,,,,
whelp,beguile,agelicism,,,,
yonder,centenary,subrident,,,,
riffraff,matrimony,ethylene,,,,
restive,errata,flaneur,,,,
various,stipulate,Ponzi,,,,
giggle,naïveté,teneramente,,,,
bowie,cadence,styptic,,,,
teemed,fido,sopapilla,,,,
soppiness,vehicular,nictitate,,,,
bask,sabbatical,boutade,,,,
lateral,ermine,towhee,,,,
usher,pugilist,escritoire,,,,
prone,tapioca,affenpinscher,,,,
selfie,festooned,gudgeon,,,,
skydiving,tectonic,beaumontage,,,,
memes,wizened,galoot,,,,
nuggets,tomfoolery,desiccate,,,,
frailty,harrumph,aporia,,,,
sweltering,embezzlement,moraine,,,,
scrounge,fallacy,hirsute,,,,
praise,asylum,shubunkin,,,,
scripture,remuneration,hepatectomy,,,,
ulna,expostulate,bloviate,,,,
fellowship,integument,seine,,,,
amass,Hebrides,galapago,,,,
missive,macaw,au courant,,,,
jitterbug,perspicacious,crepuscular,,,,
kennel,reimbursable,theca,,,,
heavenly,jambalaya,croustade,,,,
shindig,geriatric,kipuka,,,,
melody,striation,noumenon,,,,
membership,Appaloosa,chicanery,,,,
oblong,ramifications,vilipend,,,,
yammer,temerity,vitiate,,,,
whereas,egress,spodumene,,,,
coercive,geocaching,leberwurst,,,,
bailiff,instigate,daguerreotype,,,,
infiltrate,obscure,yakitori,,,,
skirmish,transcription,pejorate,,,,
constituent,muchacha,Aitutakian,,,,
flounder,steppe,parterre,,,,
cleave,palpitant,rondeau,,,,
millionaire,nonchalance,atlatl,,,,
concrete,realm,allochroous,,,,
slurry,estuary,ennui,,,,
heiress,technician,caisson,,,,
reign,dietetic,cheongsam,,,,
spectral,homage,graticule,,,,
dialect,cumulus,gyascutus,,,,
heist,essential,cygnet,,,,
avenue,seraphic,supercilious,,,,
pending,cameist,dysphasia,,,,
ewe,scrumptiously,kugel,,,,
stagestruck,toploftical,topazolite,,,,
standee,noctambulist,trompe l’oeil,,,,
sailage,visibility,ailette,,,,
yoo-hoo,ligament,fetticus,,,,
profiteer,plenitude,rocaille,,,,
kernel,illustrious,couverture,,,,
tawny,symmetrical,lemniscus,,,,
scalp,pendulous,ad nauseam,,,,
scrapple,analepsis,ganache,,,,
nominee,mitigative,sauger,,,,
martial,pyrite,kanban,,,,
acumen,sacrifice,toccata,,,,
infirm,consternation,pertinacity,,,,
bleary,escalator,gasthaus,,,,
attitude,impasto,transmontane,,,,
beseech,antagonistic,laterigrade,,,,
sunseeker,affront,hyssop,,,,
cornily,element,naumachia,,,,
contraction,desolate,focaccia,,,,
scooter,truncate,pahoehoe,,,,
acceptance,pedicure,Kjeldahl,,,,
rugby,caftan; kaftan,rubefacient,,,,
shore,ingratiate,halcyon,,,,
yippee,sousaphone,corrigenda,,,,
wand,amalgam,Zanni,,,,
Merlin,carnage,nonage,,,,
carnation,turmeric,beurre,,,,
neaten,zoolatry,jicama,,,,
depose,ricochet,sturnine,,,,
frock,hackneyed,octonocular,,,,
camcorder,vespertine,parallax,,,,
gossip,brusk; brusque,antenatus,,,,
version,erstwhile,trouvaille,,,,
fluid,lolled,glazier,,,,
vlogging,osteopath,kinesiology,,,,
diversity,kaiser,exogenous,,,,
spangled,imperious,aniseikonia,,,,
barbie,Egyptian,guayabera,,,,
delta,foible,realgar,,,,
handyman,lousicide,anaphylaxis,,,,
stewardship,ewer,bobolink,,,,
gruel,curfew,diluent,,,,
groom,schism,urushiol,,,,
trice,dilapidated,andouille,,,,
brick,peony,otiose,,,,
privet,urgency,megacephalic,,,,
debunk,bifurcate,souchong,,,,
ballad,drivel,poltroon,,,,
chide,jettison,Freudian,,,,
atonement,Promethean,floruit,,,,
citation,embassy,Bunyanesque,,,,
hardtack,contemptuous,exsect,,,,
rabid,okapi,champignon,,,,
teenagers,welterweight,bahuvrihi,,,,
peat,scrooge,panjandrum,,,,
harrowing,morose,catachresis,,,,
hobble,osmosis,tiffin,,,,
peddle,flimflammer,colcannon,,,,
effortless,astringent,tournedos,,,,
moped,mademoiselle,ormolu,,,,
groats,nouveau,blottesque,,,,
Highlands,heterochromia,consommé,,,,
retriever,consul,ullage,,,,
anime,hermetically,zortzico,,,,
regiment,excursion,teratism,,,,
sterling,dreadlocks,flagellum,,,,
bootless,theriatrics,panegyric,,,,
forgeable,cumbersome,hoi polloi,,,,
transmissibility,affluent,sirenian,,,,
gridiron,chastise,nescience,,,,
summoned,colic,blatherskite,,,,
applicable,atomic,consigliere,,,,
isms,fêng shui,adiabatic,,,,
tentacled,acuity,camembert,,,,
exude,subliminal,ecchymosis,,,,
bermudas,charismatic,oppidan,,,,
amusement,phoenix,decastich,,,,
baptismal,bastion,Naugahyde,,,,
postural,edamame,lefse,,,,
refrigerant,porcelain,beccafico,,,,
surly,deglaciation,amphistylar,,,,
scornfully,recruit,saturnine,,,,
leaven,tableau,zaibatsu,,,,
blurb,sheldrake,titian,,,,
elasticity,suitable,tokonoma,,,,
quantify,cenotaph,unguiculate,,,,
redemption,Plumeria,amaryllis,,,,
zygote,perpetrator,reveille,,,,
lithium,cinematic,regnal,,,,
docket,wallaby,attaché,,,,
rubric,contrivance,rafflesia,,,,
Hawaiian,suffrage,ranunculus,,,,
pendragon,thyme,pistou,,,,
eggcorn,phlebotomy,scintillation,,,,
tabulate,anemic; anaemic,Bolognese,,,,
cidery,depravity,farrago,,,,
puritan,effervescent,coup de grace,,,,
caboodle,soirée,tourelle,,,,
Godspeed,churros,notturno,,,,
Thailand,diadem,ginglymus,,,,
pepita,larceny,hemorrhage,,,,
lithophone,acetaminophen,tapetum,,,,
tai chi,parochial,golem,,,,
parasol,earnestly,krewe,,,,
screeno,gaffe; gaff,toque,,,,
provenance,ostensibly,avuncular,,,,
ouster,nervily,habiliments,,,,
Dudley,gingivitis,rubato,,,,
dicey,patience,gentilitial,,,,
turken,quittance,obnebulate,,,,
riddance,tenement,allonym,,,,
repentant,soothsayer,croquembouche,,,,
manacle,varicose,kobold,,,,
Amish,adage,mendicity,,,,
unremitting,cicada,castellated,,,,
condiments,mauve,toponymic,,,,
vaccination,emeritus,boudin,,,,
floridly,suture,bucatini,,,,
obsolete,obfuscate,reboation,,,,
kodak,casualty,haupia,,,,
terrarium,perseverance,Keplerian,,,,
posterity,apparatus,codswallop,,,,
statusy,myopic,hauteur,,,,
mambo,ebullience,camarilla,,,,
putrid,clairvoyance,nidicolous,,,,
FLOTUS,impetus,oxyacetylene,,,,
insomnia,affianced,Humboldt,,,,
incompetent,archaism,hellebore,,,,
Disneyfication,commodious,transhumance,,,,
congeniality,austere,phloem,,,,
intertidal,severance,lacustrine,,,,
solitude,financier,ageusia,,,,
optician,wildebeest,pillor,,,,
gelatinous,asado,deleterious,,,,
gotcha,limpa,ikat,,,,
capitalist,adolescence,pylorus,,,,
respite,menagerie,erythroblast,,,,
eighth,hallucinate,maillot,,,,
Shetland,opprobrious,epenthesis,,,,
causal,nocturnal,hinoki,,,,
hologram,redolent,nonpareil,,,,
spiteful,vendage,nyctinasty,,,,
snitch,entente,pointelle,,,,
maternity,boomslang,vinaigrette,,,,
bungee,circuitous,tinnient,,,,
periwinkle,veracity,aioli,,,,
entreat,marionette,pochoir,,,,
peninsular,Neapolitan,glyceraldehyde,,,,
flipperling,chintzy,hagiographer,,,,
fleeciness,genteel,syncope,,,,
escapade,requisition,icosahedron,,,,
handle,stimuli,goanna,,,,
gumption,schooner,wassail,,,,
mortician,declamatory,ammonite,,,,
homesteader,embryo,tanager,,,,
nitrate,languorous,pneumatocyst,,,,
joinery,stevia,fortissimo,,,,
literally,phycology,portmanteau,,,,
medusa,malaise,coaxation,,,,
unchristened,staid,ardoise,,,,
buzzworthy,acerbity,farouche,,,,
recumbent,inimical,farfalle,,,,
tiffany,kaleidoscope,ogival,,,,
musketeers,gluttonous,stretto,,,,
windbaggery,gypsum,coccygeal,,,,
proposal,polypeptide,Diplodocus,,,,
weaponry,wushu,tachyon,,,,
deceitful,contradictory,piccata,,,,
cinderella,penitentiary,isagoge,,,,
league,umbrage,élan,,,,
repercussion,crustaceans,breviloquence,,,,
astounding,bubonic,kalimba,,,,
hijab,sartorial,illative,,,,
donatee,escarpment,betony,,,,
parvo,Celsius,bêtise,,,,
apparel,dialysis,transience,,,,
squeamish,humidistat,frison,,,,
Oceanian,sardonic,flavedo,,,,
charitable,braille,maquillage,,,,
physical,vignette,mortadella,,,,
punily,adjudicate,stanchion,,,,
Bengal,caricature,spirulina,,,,
evacuees,emerald,eleemosynary,,,,
linguistics,liege,force majeure,,,,
pulpit,wilco,ossicle,,,,
plummet,germane,anemone,,,,
addle,bacteriolytic,alpargata,,,,
,rhododendron,disembogue,,,,
,ineptitude,luculent,,,,
,academese,expatiate,,,,
,registrar,xerogel,,,,
,alma mater,vizierial,,,,
,comedienne,crescive,,,,
,cutaneous,tryptophan,,,,
,gnarled,neophyte,,,,
,hydroponic,buffa,,,,
,combustible,clavichord,,,,
,factorial,de rigueur,,,,
,dolma,secant,,,,
,sapphire,comanchero,,,,
,prevenient,meiosis,,,,
,Edenic,gules,,,,
,tributary,nimiety,,,,
,laudatory,lokelani,,,,
,jitney,psoriasis,,,,
,wattage,bavardage,,,,
,papillon,coulibiac,,,,
,vertigo,xyloglyphy,,,,
,accumulate,Aramaic,,,,
,deltoidal,anathema,,,,
,opulent,basilica,,,,
,paramecium,rajpramukh,,,,
,monochrome,Chalcolithic,,,,
,facade,rinceau,,,,
,evaporation,filar,,,,
,bittern,bhangra,,,,
,flotsam,risorgimento,,,,
,discombobulate,agalma,,,,
,scrutiny,analgesia,,,,
,concatenate,dengue,,,,
,impeachable,cantatrice,,,,
,residue,emollient,,,,
,halibut,parquet,,,,
,spectrometer,dhurrie,,,,
,circadian,lapidary,,,,
,servitude,cachexia,,,,
,traverse,connoisseur,,,,
,tungsten,ferruginous,,,,
,vineyard,gendarme,,,,
,interrogative,demulcent,,,,
,scullery,goosander,,,,
,tiramisu,kwashiorkor,,,,
,exaggerate,lecithin,,,,
,enoki,cetology,,,,
,profundity,plenipotentiary,,,,
,mantra,foudroyant,,,,
,escarole,sesquipedalian,,,,
,nanotechnology,expugnable,,,,
,bureau,profligacy,,,,
,burglarious,yosenabe,,,,
,cryptozoa,funori,,,,
,preponderance,piloncillo,,,,
,bruxism,xiphias,,,,
,psychoanalysis,étouffée,,,,
,calendar,degauss,,,,
,reiterate,tussock,,,,
,remorseful,lanolated,,,,
,cybernetics,linnet,,,,
,garniture,embouchure,,,,
,twilight,plangency,,,,
,proletarian,apocryphal,,,,
,vantage,tamarack,,,,
,discountenance,puerilely,,,,
,stupefy,obloquy,,,,
,irrevocable,dhole,,,,
,trellis,Sangamon,,,,
,juxtapose,outré,,,,
,hydrangea,ululate,,,,
,slalom,sororal,,,,
,corollary,epideictic,,,,
,étude,embolus,,,,
,cranium,caveola,,,,
,equivalent,farina,,,,
,portentous,heuristic,,,,
,nepotism,nudibranch,,,,
,truffle,triquetra,,,,
,varicella,paramahamsa,,,,
,tonsillitis,duello,,,,
,thoracic,fjeld,,,,
,proviso,tomography,,,,
,netiquette,effleurage,,,,
,paucity,chastushka,,,,
,doldrums,bergère,,,,
,slumgullion,Erewhonian,,,,
,valedictorian,rhyton,,,,
,auspices,orogeny,,,,
,elaborative,Pepysian,,,,
,proprietary,esplanade,,,,
,seclusion,gesellschaft,,,,
,adieu,tamari,,,,
,tenaciously,arenaceous,,,,
,indemnity,panettone,,,,
,cyanosis,tmesis,,,,
,regurgitate,clerihew,,,,
,stegosaur,tsukupin,,,,
,statuesque,katakana,,,,
,nectarine,Parmentier,,,,
,galvanize,rugose,,,,
,agonistic,brume,,,,
,rosin,hiortdahlite,,,,
,burial,extravasate,,,,
,bulwark,incunabula,,,,
,iridescent,cordillera,,,,
,quince,zazen,,,,
,cyclone,cabochon,,,,
,usurper,après,,,,
,phraseology,zydeco,,,,
,caramel,consanguine,,,,
,pecuniary,bibimbap,,,,
,cornea,aquiclude,,,,
,resilience,demitasse,,,,
,apiary,tomalley,,,,
,ronin,bouffant,,,,
,tropical,bas-relief,,,,
,pontiff,rhizome,,,,
,omniscient,Wensleydale,,,,
,capacity,erubescent,,,,
,sewage,estovers,,,,
,epoxy,rembrandt,,,,
,discreetly,marcel,,,,
,sieve,croquignole,,,,
,trounce,dolmen,,,,
,hydrophobia,griot,,,,
,ingot,vexillologist,,,,
,nubuck,halala; halalah,,,,
,jocularity,corybantic,,,,
,unfurl,chasuble,,,,
,calculator,furuncle,,,,
,corduroy,pongee,,,,
,encore,acoel,,,,
,hollyhock,acral,,,,
,qualms,Koine,,,,
,mosaic,weka,,,,
,centipede,haplography,,,,
,attendee,Tchefuncte,,,,
,nomenclature,becquerel,,,,
,botany,darnel,,,,
,Holocaust,giallolino,,,,
,augment,krausen,,,,
,acoustic,Castalia,,,,
,eruption,nahcolite,,,,
,auburn,telamon,,,,
,virtually,uraeus,,,,
,glissando,teledu,,,,
,stomach,gattine,,,,
,demonstrative,mele,,,,
,megalomaniac,Marathi,,,,
,posse,nuciform,,,,
,declension,grandrelle,,,,
,berserk,bordereaux,,,,
,cathedral,rambla,,,,
,deciduous,tullibee,,,,
,baleen,guichet,,,,
,Einstein,Guarnerius,,,,
,municipal,unakite,,,,
,adversaria,azotea,,,,
,turbinado,gabbro,,,,
,brethren,gegenschein,,,,
,tympanum,hebdomadal,,,,
,fisticuffs,gypsophila,,,,
,propinquity,koh-i-noor,,,,
,epidermis,nocive,,,,
,carriage,cataphora,,,,
,abstemious,blastema,,,,
,echinoderm,trochee,,,,
,optimum,diapason,,,,
,pathogen,deliquesce,,,,
,acrostic,aperçu,,,,
,anthropology,cioppino,,,,
,cruciferous,inglenook,,,,
,macchiato,efflux,,,,
,ancillary,frugivore,,,,
,toile,lobscouse,,,,
,plaudits,senecio,,,,
,serenade,jasmone,,,,
,heptad,hawok,,,,
,engineer,fructiferous,,,,
,pilcrow,martinoe,,,,
,porosity,lierre,,,,
,tandoori,porwigle,,,,
,succumb,portugais,,,,
,fervently,ligas,,,,
,divestiture,Osloite,,,,
,roseola,sciolistic,,,,
,installation,seraya,,,,
,harbinger,janthina,,,,
,raptatorial,Skeltonic,,,,
,sobriety,balata,,,,
,manumit,balbriggan,,,,
,dentifrice,affeer,,,,
,collegiality,pomology,,,,
,inclement,Svengali,,,,
,celery,escheator,,,,
,idiosyncratic,dogana,,,,
,burgoo,toorie,,,,
,occupancy,exchequer,,,,
,coriander,habeas corpus,,,,
,amnesty,kerril,,,,
,condensation,pudibund,,,,
,aqueduct,toril,,,,
,ferret,ryas,,,,
,widdershins,terai,,,,
,hostile,gabarit,,,,
,subsequent,guerite,,,,
,whet,gallivat,,,,
,blatant,charcuterie,,,,
,pyramid,zugzwang,,,,
,terminus,triskelion,,,,
,agitation,crokinole,,,,
,tremulous,anicca,,,,
,scythe,batamote,,,,
,duplicitous,yabbies,,,,
,protectorate,salmagundi; salmagundy,,,,
,placards,hutia; jutia,,,,
,corral,Deseret,,,,
,credulity,Djibouti,,,,
,dissonance,Tegucigalpa,,,,
,shoji,Llullaillaco,,,,
,auditorium,Pyxis,,,,
,reconcilable,Bezier curve,,,,
,evaluate,Beauceron,,,,
,mastodon,ni-Vanuatu,,,,
,denticulate,Vulcan,,,,
,supplicate,anabathmoi,,,,
,torsion,selah,,,,
,justiciable,cirri,,,,
,vernal,Oort cloud,,,,
,aardvark,cobalamin,,,,
,census,amuse-gueule,,,,
,stagflation,anent,,,,
,brontophobia,abaculus,,,,
,macrobiotics,Dvorak,,,,
,glareous,sous vide,,,,
,rejuvenate,Nethinim,,,,
,tubular,Rayleigh wave,,,,
,dodecahedron,Gaia,,,,
,rictus,Ner Tamid,,,,
,vengeance,cathect,,,,
,modular,mange-tout,,,,
,kleptocrat,whakapapa,,,,
,neuropathy,Astur,,,,
,surrealist,Casimir effect,,,,
,secession,Devanagari,,,,
,digression,bismillah,,,,
,intricate,deceleron,,,,
,annotate,Ardipithecus,,,,
,vehemence,Equatoguinean,,,,
,fervorous,limaçon,,,,
,septennial,Kannada,,,,
,hypotenuse,Bundt,,,,
,emancipatory,Strigolniki,,,,
,supine,Bavarian cream,,,,
,fracas,hysteron proteron,,,,
,disrepair,rooseveltite,,,,
,photogenic,temalacatl,,,,
,rehearsal,darmstadtium,,,,
,irritability,Eris,,,,
,vainglorious,flehmen,,,,
,ataxia,au bleu,,,,
,pageantry,pou sto,,,,
,vinegar,kapparah,,,,
,fiduciary,Kuiper Belt,,,,
,emulsify,Quaoar,,,,
,lorikeet,agate,,,,
,malfeasance,art brut,,,,
,sequential,banh mi,,,,
,intersperse,attacca,,,,
,numerology,Ryukyu,,,,
,Paleozoic,kalopanax,,,,
,funnel,derring-do,,,,
,syndicate,Alfvén,,,,
,chrysalis,virga,,,,
,bethesda,ab aeterno,,,,
,cartilage,Caracas,,,,
,coeval,indicia,,,,
,curio,Huallaga,,,,
,ombudsman,kufi,,,,
,hydrant,Novanglian,,,,
,zeppelin,una corda,,,,
,superficiality,triduum,,,,
,marooned,wapiti,,,,
,volary; volery,galena,,,,
,follicle,gyokuro,,,,
,brochure,luftmensch,,,,
,grotesqueness,aggrandizement,,,,
,privatim,battue,,,,
,eradicate,Tok Pisin,,,,
,krypton,dvandva,,,,
,ethanol,ivermectin,,,,
,quadriceps,coulrophobia,,,,
,tachycardia,ancien régime,,,,
,triceratops,deathin,,,,
,sandal,zowie,,,,
,pashmina,colocate,,,,
,utilitarian,Aglaia,,,,
,millivolt,Apostolici,,,,
,herringbone,ubiquinone,,,,
,orchestra,Gurmukhi,,,,
,phlox,Burkinabe,,,,
,tractability,ciliopathy,,,,
,montage,logothete,,,,
,compendium,grobian,,,,
,unmoored,rond de jambe,,,,
,yardang,kyphoplasty,,,,
,fluctuation,Aten,,,,
,flabbergast,catjang,,,,
,accolade,neem,,,,
,connivery,amour propre,,,,
,impresario,Sagittarius,,,,
,bruschetta,hordeolum,,,,
,dictum,trous-de-loup,,,,
,premonition,vis-à-vis,,,,
,stereotypical,Latinxua,,,,
,bergamot,Barnumesque,,,,
,telepathic,medulla,,,,
,banquet,aughts,,,,
,upbraid,carnitine,,,,
,pancreas,ahuehuete,,,,
,expunge,hominin,,,,
,maize,,,,,
,metastasize,,,,,
,quintessential,,,,,
,pollutant,,,,,
,brouhaha,,,,,
,pedantry,,,,,
,performance,,,,,
,equivocate,,,,,
,fission,,,,,
,boondoggle,,,,,
,phylum,,,,,
,hypochondria,,,,,
,obstetrician,,,,,
,replete,,,,,
,raucous,,,,,
,Brandywine,,,,,
,surreptitious,,,,,
,surplus,,,,,
,impediment,,,,,
,revenant,,,,,
,topgallant,,,,,
,clandestine,,,,,
,genealogical,,,,,
,pomposity,,,,,
,neonatology,,,,,
,pituitary,,,,,
,fleetness,,,,,
,anonymity,,,,,
,carcinogenic,,,,,
,detritus,,,,,
,anorak,,,,,
,enviable,,,,,
,extrapolate,,,,,
,extinguish,,,,,
,pilaster,,,,,
,perceptible,,,,,
,dystopia,,,,,
,muesli,,,,,
,crux,,,,,
,wordmonger,,,,,
,wobbulator,,,,,
,mahogany,,,,,
,moribund,,,,,
,recriminatory,,,,,
,subaqueous,,,,,
,recusancy,,,,,
,retrocedence,,,,,
,cauterize,,,,,
,immolate,,,,,
,résumé,,,,,
,extensive,,,,,
,transcend,,,,,
,freneticism,,,,,
,merino,,,,,
,pestilence,,,,,
,mordant,,,,,
,posthumous,,,,,
,QWERTY,,,,,
,foosball,,,,,
,accentuate,,,,,
,ascension,,,,,
,venue,,,,,
,microfiche,,,,,
,quadrilateral,,,,,
,turpentine,,,,,
,cellophane,,,,,
,indulgent,,,,,
,occipital,,,,,
,predicament,,,,,
,provincial,,,,,
,antithesis,,,,,
,gouge,,,,,
,salivate,,,,,
,laity,,,,,
,indolent,,,,,
,documentary,,,,,
,bromide,,,,,
,algae,,,,,
,reminiscent,,,,,
,menial,,,,,
,Moroccan,,,,,
,clearance,,,,,
,assure,,,,,
,compatriots,,,,,
,liaise,,,,,
,quotidian,,,,,
,matriculation,,,,,
,revulsive,,,,,
,gaucho,,,,,
,capsule,,,,,
,tragedian,,,,,
,fajitas,,,,,
,felonious,,,,,
,palatial,,,,,
,Mecca,,,,,
,albeit,,,,,
,vermicide,,,,,
,echelon,,,,,
,supremacy,,,,,
,clowder,,,,,
,occultation,,,,,
,Chihuahua,,,,,
,promontory,,,,,
,shar-pei,,,,,
,narcoleptic,,,,,
,efface,,,,,
,sycophant,,,,,
,bellwether,,,,,
,clarinet,,,,,
,capillary,,,,,
,disposition,,,,,
,remonstrance,,,,,
,smithereens,,,,,
,curator,,,,,
,judicious,,,,,
,vice versa,,,,,
,exercise,,,,,
,civet,,,,,
,pancetta,,,,,
,waiver,,,,,
,decennial,,,,,
,dynamite,,,,,
,Gemini,,,,,
,retinol,,,,,
,corpulent,,,,,
,potpourri,,,,,
,pallor,,,,,
,Yorkshire,,,,,
,Belgravia,,,,,
,casserole,,,,,
,semester,,,,,
,sacrament,,,,,
,terra-cotta,,,,,
,moratorium,,,,,
,cognisant; cognizant,,,,,
,languish,,,,,
,protuberant,,,,,
,chortle,,,,,
,unscathed,,,,,
,raclette,,,,,
,superstitious,,,,,
,mawkish,,,,,
,flambé,,,,,
,patronymic,,,,,
,odometer,,,,,
,uvula,,,,,
,enumerated,,,,,
,desertification,,,,,
,quirky,,,,,
,arraign,,,,,
,elegant,,,,,
,minacious,,,,,
,vindictive,,,,,
,implacable,,,,,
,logarithmic,,,,,
,regicide,,,,,
,hubris,,,,,
,hibernaculum,,,,,
,bandicoot,,,,,
,malinger,,,,,
,parliamentary,,,,,
,rebarbative,,,,,
,olympiad,,,,,
,crocodile,,,,,
,venerable,,,,,
,chemise,,,,,
,campanology,,,,,
,persuasible,,,,,
,desultorily,,,,,
,papyrus,,,,,
,El Niño,,,,,
,anchorage,,,,,
,conundrum,,,,,
,debilitate,,,,,
,mittimus,,,,,
,mellifluous,,,,,
,clemency,,,,,
,backgammon,,,,,
,intuitable,,,,,
,divvy,,,,,
,fatuously,,,,,
,fraudulent,,,,,
,necessity,,,,,
,piety,,,,,
,veritable,,,,,
,sashay,,,,,
,sciatica,,,,,
,discomfiture,,,,,
,emphysema,,,,,
,stridency,,,,,
,acetone,,,,,
,cerebellum,,,,,
,pantomime,,,,,
,prima donna,,,,,
,praxis,,,,,
,Tinseltown,,,,,
,sorrel,,,,,
,McCoy,,,,,
,histrionics,,,,,
,cashier,,,,,
,polysemy,,,,,
,stampede,,,,,
,forfeit,,,,,
,armadillo,,,,,
,overweening,,,,,
,sacrosanct,,,,,
,syringe,,,,,
,eclipse,,,,,
,espadrille,,,,,
,corgi,,,,,
,caffeine,,,,,
,panacea,,,,,
,cabaret,,,,,
,froufrou,,,,,
,eschew,,,,,
,ventricle,,,,,
,inducement,,,,,
,vanguard,,,,,
,portrait,,,,,
,tepidity,,,,,
,meridian,,,,,
,spontaneity,,,,,
,platinum,,,,,
,nonnegotiable,,,,,
,disparate,,,,,
,artifice,,,,,
,cymbals,,,,,
,nucleated,,,,,
,exorbitant,,,,,
,reparations,,,,,
,constabulary,,,,,
,speculate,,,,,
,stratosphere,,,,,
,noxious,,,,,
,arbitrary,,,,,
,quasar,,,,,
,Podunk,,,,,
,seize,,,,,
,pathos,,,,,
,equinox,,,,,
,prosperous,,,,,
,sclerosis,,,,,
,ablaut,,,,,
,anabolic,,,,,
,jimberjawed,,,,,
,toilsome,,,,,
,tempestuous,,,,,
,univocal,,,,,
,avarice,,,,,
,bouclé,,,,,
,thoroughbred,,,,,
,potassium,,,,,
,peculate,,,,,
,treatise,,,,,
,undergird,,,,,
,oompah,,,,,
,adulation,,,,,
,minutia,,,,,
,anticipatory,,,,,
,chinook,,,,,
,indigent,,,,,
,merganser,,,,,
,sternum,,,,,
,par excellence,,,,,
,thwartwise,,,,,
,tae kwon do,,,,,
,fenestrated,,,,,
,lugubrious,,,,,
,isosceles,,,,,
,hoity-toity,,,,,
,Mesopotamian,,,,,
,Muzak,,,,,
,vicinity,,,,,
,merely,,,,,
,abominable,,,,,
,procedure,,,,,
,limpid,,,,,
,syllabus,,,,,
,animus,,,,,
,trillium,,,,,
,Dalmatian,,,,,
,ufology,,,,,
,cholera,,,,,
,miniscule; minuscule,,,,,
,jeepney,,,,,
,volucrine,,,,,
,populace,,,,,
,vetiver,,,,,
,parameters,,,,,
,inflammable,,,,,
,pyrotechnics,,,,,
,mollify,,,,,
,cohesive,,,,,
,stigmata,,,,,
,prolix,,,,,
,mitochondria,,,,,
,onomatopoeia,,,,,
,lavender,,,,,
,tensile,,,,,
,gaudery,,,,,
,luxuriate,,,,,
,cavalcade,,,,,
,gladiatorial,,,,,
,machination,,,,,
,pugnacious,,,,,
,peruse,,,,,
,alluvial,,,,,
,epicurean,,,,,
,derelict,,,,,
,revelation,,,,,
,arithmetic,,,,,
,depredation,,,,,
,ignominious,,,,,
,auction,,,,,
,assiduous,,,,,
,diligence,,,,,
,bodega,,,,,
,bona fide,,,,,
,gustatory,,,,,
,obliterate,,,,,
,legalese,,,,,
,rudiments,,,,,
,monitory,,,,,
,equilibrium,,,,,
,roustabout,,,,,
,trifle,,,,,
,ambrosial,,,,,
,simultaneity,,,,,
,gastronome,,,,,
,epithet,,,,,
,encroach,,,,,
,acacia,,,,,
,tetanus,,,,,
,scarlatina,,,,,
,ciao,,,,,
,genome,,,,,
,inviolable,,,,,
,contrite,,,,,
,patrician,,,,,
,enervate,,,,,
,turophile,,,,,
,Patagonia,,,,,
,vanquish,,,,,
,ectoplasm,,,,,
,olfactory,,,,,
,en masse,,,,,
,stroganoff,,,,,
,procrastinate,,,,,
,purification,,,,,
,plantain,,,,,
,aperture,,,,,
,rhythmically,,,,,
,shazam,,,,,
,bountiful,,,,,
,pantheon,,,,,
,marimba,,,,,
,conduit,,,,,
,bravado,,,,,
,beneficent,,,,,
,indict,,,,,
,epitome,,,,,
,annulment,,,,,
,vegetarian,,,,,
,surimi,,,,,
,besmirch,,,,,
,trespass,,,,,
,commandeer,,,,,
,bonsai,,,,,
,university,,,,,
,celestial,,,,,
,preposterous,,,,,
,extant,,,,,
,cogently,,,,,
,auricular,,,,,
,settee,,,,,
,legitimately,,,,,
,inoculate,,,,,
,heleoplankton,,,,,
,pliant,,,,,
,billiards,,,,,
,obstreperous,,,,,
,frabjous,,,,,
,spiracle,,,,,
,Formica,,,,,
,Mylar,,,,,
,rustication,,,,,
,globular,,,,,
,stellular,,,,,
,akimbo,,,,,
,derisive,,,,,
,ineluctable,,,,,
,eerily,,,,,
,funambulist,,,,,
,apotheosis,,,,,
,entrée,,,,,
,homeostasis,,,,,
,mummified,,,,,
,prehensile,,,,,
,somatotype,,,,,
,bizarro,,,,,
,dissemble,,,,,
,gallant,,,,,
,intensify,,,,,
,hurriedly,,,,,
,corrosive,,,,,
,afghan,,,,,
,odontiasis,,,,,
,stratification,,,,,
,tomahawk,,,,,
,artesian,,,,,
,mendacious,,,,,
,gubernatorial,,,,,
,pungent,,,,,
,mandrill,,,,,
,gibbous,,,,,
,extracurricular,,,,,
,punctuation,,,,,
,nautilus,,,,,
,thievery,,,,,
,dragoon,,,,,
,yuzu,,,,,
,ritziness,,,,,
,gazette,,,,,
,continuum,,,,,
,pachyderm,,,,,
,symposium,,,,,
,floribunda,,,,,
,salience,,,,,
,molasses,,,,,
,classical,,,,,
,fungible,,,,,
,Gothamite,,,,,
,affable,,,,,
,dopamine,,,,,
,pitiful,,,,,
,ammunition,,,,,
,pariah,,,,,
,prodigious,,,,,
,denominator,,,,,
,prorogue,,,,,
,fecund,,,,,
,laceration,,,,,
,nexus,,,,,
,decor,,,,,
,duchy,,,,,
,pagoda,,,,,
,establishment,,,,,
,ruminate,,,,,
,sympathy,,,,,
,puniness,,,,,
,lingua franca,,,,,
,triforium,,,,,
,déjà vu; déjà vue,,,,,
,calabash,,,,,
,chute; shute,,,,,
,impermeable,,,,,
,trepidation,,,,,
,collision,,,,,
,scarab,,,,,
,veganism,,,,,
,humerus,,,,,
,vagabonds,,,,,
,variegated,,,,,
,volition,,,,,
,gossamer,,,,,
,vincible,,,,,
,factitious,,,,,
,sculpture,,,,,
,annuity,,,,,
,quid pro quo,,,,,
,curmudgeon,,,,,
,cushion,,,,,
,tutelage,,,,,
,domiciled,,,,,
,theorem,,,,,
,accrual,,,,,
,grandeur,,,,,
,ottoman,,,,,
,logographic,,,,,
,armistice,,,,,
,cryogenic,,,,,
,catalyst,,,,,
,thespian,,,,,
,submersible,,,,,
,extemporaneous,,,,,
,ungetatable,,,,,
,unilaterally,,,,,
,ordinance,,,,,
,ursine,,,,,
,arduous,,,,,
,carnitas,,,,,
,bulgogi,,,,,
,fibromyalgia,,,,,
,terrier,,,,,
,captivated,,,,,
,onus,,,,,
,precursor,,,,,
,mochi,,,,,
,feign,,,,,
,dementia,,,,,
,voilà,,,,,
,habanero,,,,,
,Francophone,,,,,
,convivium,,,,,
,atrium,,,,,
,italicization,,,,,
,preliminary,,,,,
,echoed,,,,,
,reticulated,,,,,
,authenticate,,,,,
,fiscal,,,,,
,oblige,,,,,
,viscount,,,,,
,plague,,,,,
,preferential,,,,,
,bazooka,,,,,
,complacency,,,,,
,kraken,,,,,
,stanzaic,,,,,
,putrescent,,,,,
,nostalgia,,,,,
,dechlorinate,,,,,
,unconscionable,,,,,
,Pembroke,,,,,
,liquefaction,,,,,
,palazzo,,,,,
,miasma,,,,,
,concoct,,,,,
,modicum,,,,,
,javelin,,,,,
,spoonerism,,,,,
,complicit,,,,,
,gyrocopter,,,,,
,medieval; mediaeval,,,,,
,licensure,,,,,
,Herculean,,,,,
,pilgrimages,,,,,
,oriel,,,,,
,preeminent,,,,,
,alfresco,,,,,
,loquacious,,,,,
,prosthetic,,,,,
,latency,,,,,
,epitaphs,,,,,
,solitaire,,,,,
,dishevel,,,,,
,Limburger,,,,,
,tuffet,,,,,
,epact,,,,,
,abstruse,,,,,
,nephrolith,,,,,
,adipose,,,,,
,quorum,,,,,
,pharynx,,,,,
,epistolary,,,,,
,pursuit,,,,,
,esoteric,,,,,
,grapheme,,,,,
,trigonometry,,,,,
,alloy,,,,,
,Belgium,,,,,
,audacious,,,,,
,exasperate,,,,,
,Mandarin,,,,,
,Kelvin,,,,,
,vellum,,,,,
,enunciate,,,,,
,tarsier,,,,,
,autodidact,,,,,
,parable,,,,,
,rowan,,,,,
,tripartite,,,,,
,Bohemian,,,,,
,succinct,,,,,
,inquietude,,,,,
,compunction,,,,,
,decumbiture,,,,,
,multivalent,,,,,
,artillery,,,,,
,quotient,,,,,
,ricotta,,,,,
,guttural,,,,,
,atrocious,,,,,
,vivacious,,,,,
,xenoglossy,,,,,
,smorgasbord,,,,,
,electrode,,,,,
,sporadically,,,,,
,sudation,,,,,
,cytoplasm,,,,,
,affectionately,,,,,
,Pulitzer,,,,,
,vitreous,,,,,
,wraith,,,,,
,insulin,,,,,
,phlegmatic,,,,,
,spasmodic,,,,,
,bouquet,,,,,
,denizen,,,,,
,duopoly,,,,,
,alpinist,,,,,
,abracadabra,,,,,
,plethora,,,,,
,rappelled,,,,,
,conceit,,,,,
,tapas,,,,,
,sediment,,,,,
,emulate,,,,,
,caveat,,,,,
,doubloons,,,,,
,oscillation,,,,,
,enzyme,,,,,
,dinero,,,,,
,comestibles,,,,,
,stenographer,,,,,
,mezzanine,,,,,
,lozenge,,,,,
,tedious,,,,,
,resonate,,,,,
,suspicion,,,,,
,repudiate,,,,,
,emporium,,,,,
,Victorian,,,,,
,forestallment,,,,,
,Iberian,,,,,
,dandle,,,,,
,effete,,,,,
,Antigua,,,,,
,vaudeville,,,,,
,frisket,,,,,
,brockage,,,,,
,malapropism,,,,,
,pelf,,,,,
,aqueous,,,,,
,Dianthus,,,,,
,olingo,,,,,
,Halifax,,,,,
,concordance,,,,,
,huerta,,,,,
,vascular,,,,,
,wentletrap,,,,,
,serrated,,,,,
,poblano,,,,,
,conclave,,,,,
,Gregorian,,,,,
,rebuff,,,,,
,taverna,,,,,
,illicitly,,,,,
,cribbage,,,,,
,crith,,,,,
,Namibian,,,,,
,tricenary,,,,,
,triste,,,,,
,interred,,,,,
,legerity,,,,,
,Vatican,,,,,
,fucoid,,,,,
,parley,,,,,
,meningitis,,,,,
,nutation,,,,,
,nutria,,,,,
,sedge,,,,,
,capstan,,,,,
,vicarious,,,,,
,alate,,,,,
,victimology,,,,,
,ibex,,,,,
,cudgel,,,,,
,bicameral,,,,,
,irrigation,,,,,
,labradoodle,,,,,
,portico,,,,,
,corsage,,,,,
,smellfungus,,,,,
,arboretum,,,,,
,Zamboni,,,,,
,blarney,,,,,
,diacritic,,,,,
,mephitic,,,,,
,complementary,,,,,
,Philistine,,,,,
,dyspeptic,,,,,
,inglorious,,,,,
,louche,,,,,
,avatar,,,,,
,grandiloquent,,,,,
,armature,,,,,
,maidenhair,,,,,
,aureole,,,,,
,spinosity,,,,,
,prespinous,,,,,
,cladistics,,,,,
,gasiform,,,,,
,valuator,,,,,
,deserter,,,,,
,jankers,,,,,
,Evactor,,,,,
,possessive,,,,,
,venial,,,,,
,seton,,,,,
,demerits,,,,,
,diaspora,,,,,
,pious,,,,,
,borough,,,,,
,volatile,,,,,
,gnocchi,,,,,
,surety,,,,,
,pileus,,,,,
,fez,,,,,
,glengarry,,,,,
,commissioner,,,,,
,grande dame,,,,,
,verism,,,,,
,dramatization,,,,,
,nonconformist,,,,,
,château,,,,,
,erroneous,,,,,
,Salvador,,,,,
,trillado,,,,,
,per se,,,,,
,peradventure,,,,,
,Ryeland,,,,,
,domesticity,,,,,
,episcopal,,,,,
,consecrate,,,,,
,trituration,,,,,
,neoterism,,,,,
,interregnum,,,,,
,viaticum,,,,,
,homiletics,,,,,
,psalmody,,,,,
,omnilegent,,,,,
,princeps,,,,,
,procurement,,,,,
,cribo,,,,,
,colubrine,,,,,
,immie,,,,,
,aretalogy,,,,,
,sessile,,,,,
,du jour,,,,,
,lanceolate,,,,,
,bowsprit,,,,,
,Charon,,,,,
,chupacabra,,,,,
,Acadians,,,,,
,Gippsland,,,,,
,froward,,,,,
,ensconced,,,,,
,cattalo; catalo,,,,,
,hypogeous,,,,,
,composite,,,,,
,Miranda,,,,,
,Newfoundland,,,,,
,fulminate,,,,,
,bilaterian,,,,,
,wootz,,,,,
,movimento,,,,,
,mandorla,,,,,
,pomegranate,,,,,
,parodic,,,,,
,osculatory,,,,,
,orthogonal,,,,,
,planisphere,,,,,
,tase,,,,,
,Shiba Inu,,,,,
,misnomer,,,,,
,eustress,,,,,
,blastogenesis,,,,,
,octuplicate,,,,,
,in silico,,,,,
,particulate,,,,,
,planogram,,,,,
,Pomeranian,,,,,
,freegan,,,,,
,emissary,,,,,
,balsamic,,,,,
,pothos,,,,,
,polysyllabic,,,,,
,teraphim,,,,,
,anserine,,,,,
,elicitation,,,,,
,advocatory,,,,,
,eligibility,,,,,
,placate,,,,,
,runcible spoon,,,,,
,goji berry,,,,,
,implicative,,,,,
,sostenuto,,,,,
,credence,,,,,
,Farsi,,,,,
,novemdecillion,,,,,
,adjugate,,,,,
,epidural,,,,,
,patella,,,,,
,hydrocortisone,,,,,
,maritime,,,,,
,debutante,,,,,
,ramson,,,,,
,asthmatic,,,,,
,pilosity,,,,,
,depreciate,,,,,
,Pierre,,,,,
,davenport,,,,,
,convocation,,,,,
,recreant,,,,,
,majuscule,,,,,
,Cheshire cat,,,,,
,phishing,,,,,
,Motrin,,,,,
,tsk-tsked,,,,,
,cum laude,,,,,
,evo-devo,,,,,
,lumen,,,,,
,catalina,,,,,
,Sumatran,,,,,
,restitutory,,,,,
,cholesterol,,,,,
,astaxanthin,,,,,
,Florentine,,,,,
,stricture,,,,,
,no-goodnik,,,,,
,agnail,,,,,
,perquisite,,,,,
,pilotage,,,,,
,arietta,,,,,
,deprivation,,,,,
,ante,,,,,
,amiably,,,,,
,nomancy,,,,,
,officinal,,,,,
,Cassandra,,,,,
,quinary,,,,,
,afroth,,,,,
,rhapsody,,,,,
,Franciscan,,,,,
,abaft,,,,,
,Romano,,,,,
,impoverish,,,,,
,flexitarian,,,,,
,parsimony,,,,,
,prion,,,,,
,ancho,,,,,
,polyester,,,,,
,anoint,,,,,
,appraisal,,,,,
,parabola,,,,,
,primeval,,,,,
,morphological,,,,,
,retrodict,,,,,
,expectorant,,,,,
,Tasmanian,,,,,
,hipsterism,,,,,
,melamine,,,,,
,eluate,,,,,
,heterophony,,,,,
,polonium,,,,,
,espial,,,,,
,kung pao,,,,,
,aglossal,,,,,
,nodosity,,,,,
,somniloquy,,,,,
,antacid,,,,,
,umbilical,,,,,
,zacate,,,,,
,acquit,,,,,
,capnometer,,,,,
,fontina,,,,,
,biomimicry,,,,,
,durango,,,,,
,pomato,,,,,
,inerrancy,,,,,
,Munich,,,,,
,coalition,,,,,
,discretionary,,,,,
,inveterate,,,,,
